name,currency,price,sales,location,store
自营雀巢新能恩全护6HMO益生菌适度,¥,312.00,200,浙江,天猫国际自营萌宝社
爱他美奇迹蓝罐3段黑钻HMO增自护力抵抗幼婴儿奶粉正品官方旗舰店,¥,260.20,900,重庆,GlobalEshop海外旗舰店
爱他美白金致亲版奶粉3段2罐,¥,529.55,600,广东,爱他美Profutura海外旗舰店
新西兰原装进口贝特恩奶粉成人正品官方旗舰店青少年大学生高牛奶,¥,62.00,900,重庆,hbuy海外旗舰店
澳洲蓝胖子奶粉成人儿童学生大学生全脂高钙牛奶正品官方旗舰店,¥,93.00,1,浙江,阿里健康大药房海外店
a2紫吨吨成人奶粉高钙无糖全脂脱脂奶粉全家营养蛋白旗舰店保湿水,¥,119.00,70,重庆,saintcos海外旗舰店
Devondale德运全脂奶粉400g澳洲进口青少年中老年调制乳粉小包装,¥,39.90,6,上海,天猫超市
认养一头牛中老年全家牛奶粉低GI牛初乳营养高钙800g*1罐送礼,¥,159.00,1,上海,天猫超市
俄罗斯进口奶粉全脂无蔗糖网红同款柳宾斯基成人女士白领学生500g,¥,38.90,2000,黑龙江,俄货大世界
新西兰原装进口纽仕兰成人高钙学生青少年女士全脂鲜奶粉1kg/袋,¥,129.00,4000,上海,theland纽仕兰旗舰店
正品原装进口oli6纯羊奶粉官方旗舰店中老年成人全脂品牌非新西兰,¥,159.02,500,重庆,hbuy海外旗舰店
澳洲原装原罐进口生牛乳无添加高钙A2酪蛋白草饲深蓝胖牛奶粉900g,¥,158.00,7000,上海,天猫超市
【旗舰店】雀巢限定牧场全脂高钙学生全家营养奶粉400g独立小包装,¥,43.85,1,上海,雀巢官方旗舰店
伊利高钙多维全家营养牛奶粉300g装中老年女士学生成人早餐冲饮,¥,17.01,58,浙江,天天特卖工厂店
有机纯骆驼奶粉新疆正宗驼奶粉新鲜全脂高钙正品新疆原产,¥,39.51,28,浙江,天天特卖工厂店
【百亿补贴】认养一头牛高蛋白高钙全家营养奶粉膳食纤维700g*罐,¥,49.00,500,浙江,认养一头牛旗舰店
新西兰原装进口贝特恩奶粉成人学生大学生奶粉正品官方旗舰店,¥,118.00,26,重庆,hbuy海外旗舰店
新西兰原装进口奶粉全脂袋装成人中老年人正品牛奶官方旗舰店纯,¥,62.00,400,重庆,AUCHOICE海外旗舰店
【自营】澳洲美可卓蓝胖子牛奶成人中老年全脂高钙学生牛奶粉*3,¥,295.00,1000,浙江,天猫国际自营全球超级店
内蒙古成人纯牛奶粉无添加生牛乳含钙独立小包袋早餐冲饮烘焙商用,¥,66.00,7000,内蒙古,特牧德旗舰店
【官方旗舰】新西兰a2成人高钙全脂奶粉A2蛋白质青少年中老年1kg,¥,99.00,1,广东,a2海外旗舰店
伊利成人中老年女士全脂高钙牛奶粉700g*2罐成年营养早餐冲饮奶粉,¥,244.00,1000,上海,天猫超市
蒙牛全脂甜奶粉400g袋装青少年学生全家成人男女早餐营养牛奶粉,¥,22.80,200,北京,蒙牛奶粉旗舰店
哈纳斯乳业新疆纯奶粉 0蔗糖纯牛奶粉成年大学生成年人儿童大学生,¥,39.00,5000,安徽,哈纳斯牧场旗舰店
蒙牛新西兰原装全进口纯奶粉高钙中老年成人牛奶粉正品官方旗舰店,¥,298.00,2000,重庆,知名品牌奶粉专销店
【自营】新西兰纽仕兰中老年高钙全脂奶粉营养早餐奶1kg*2进口,¥,118.00,400,浙江,天猫国际自营全球超级店
澳洲美可卓高钙全脂奶粉新西兰蓝胖子蓝妹子学生老年成人儿童孕妇,¥,99.90,3000,湖北,宸子妈澳洲购
新西兰原装进口牛奶粉脱脂高钙成人中老年人贝特恩官方旗舰店正品,¥,171.00,200,重庆,BTNature海外旗舰店
进口牛奶粉成人女大学生儿童中老年贝特恩袋装版正品官网旗舰店*3,¥,171.00,400,澳大利亚,backtonature海外专营店
【6袋装】哈纳斯乳业旗舰店新疆全脂淡奶粉纯牛奶粉,¥,218.00,1000,安徽,哈纳斯乳业旗舰店
蓝胖子奶粉乳铁蛋白提高增强儿童成人免疫力中老年正品官方旗舰店,¥,198.00,200,澳大利亚,hbuy海外旗舰店
【自营】澳洲a2紫吨吨骨胶原蛋白肽成人奶粉全家营养A2蛋白质高钙,¥,199.00,79,浙江,天猫国际自营全球超级店
认养一头牛全脂成人奶粉中老年学生青少年高钙高蛋白800g*1罐送礼,¥,119.90,9000,上海,天猫超市
蒙牛铂金装女士奶粉400g 高钙高铁成人女学生牛奶粉营养早餐冲饮,¥,31.70,300,浙江,天天特卖工厂店
蒙牛铂金装高钙高锌学生奶粉800g青少年学生营养早餐食品牛奶粉,¥,60.00,100,浙江,天天特卖工厂店
蒙牛纯牛奶粉700g/罐全脂乳粉高钙高蛋白生牛乳早餐营养【不配勺,¥,69.90,1,上海,天猫超市
【进口】澳洲Devondale/德运全脂调制乳粉1kg*2袋青少年成人奶粉,¥,158.00,9000,上海,天猫超市
蒙牛全家营养高钙奶粉400g*2成人学生男女营养食品早餐冲饮牛奶粉,¥,63.80,1000,北京,蒙牛奶粉旗舰店
【进口】安佳高钙全脂青少年奶粉1kg/袋成人学生儿童中老年奶粉,¥,79.00,1000,上海,天猫超市
伊利旗舰店新西兰原装进口脱脂奶粉1kg袋富含高钙配料只有生牛乳,¥,69.00,3000,湖北,伊利旗舰店
蒙牛奶粉多维高钙中老年奶粉礼盒（铂金装）800g*2益生菌营养冲饮,¥,139.80,2,上海,天猫超市
蒙牛纯牛奶粉240g生牛乳全脂乳粉高钙成人学生全家营养牛奶粉,¥,24.90,1000,北京,蒙牛奶粉旗舰店
【成毅同款】雀巢怡养高钙鱼油中老年牛奶粉800g*2罐进口奶源送礼,¥,278.00,2,上海,天猫超市
【林依轮同款】伊利官方旗舰店脱脂高纤高钙奶粉850g/罐 成人奶粉,¥,71.88,3000,湖北,伊利旗舰店
奶粉脱脂奶粉无糖0脂肪女士学生成人奶粉正品官方旗舰店护手霜,¥,62.10,54,重庆,hbuy海外旗舰店
【自营】新西兰进口纽仕兰中老年高钙营养早餐全脂奶粉1kg*3袋,¥,177.00,1000,浙江,天猫国际自营全球超级店
中老年奶粉提高成人无糖高钙乳铁蛋白免疫力蓝胖子官方旗舰店正品,¥,258.00,77,重庆,hbuy海外旗舰店
新西兰原装进口奶粉儿童全脂脱脂成人中老年蓝胖子正品官方旗舰店,¥,62.00,1000,新西兰,GlobalEshop海外旗舰店
哈纳斯乳业新疆纯奶粉 0蔗糖纯牛奶粉成年大学生成年人儿童大学生,¥,39.00,5000,安徽,哈纳斯牧场旗舰店
天猫U先美赞臣蓝臻3段乳铁蛋白婴幼儿牛奶粉400g1小罐装包邮,¥,149.00,3000,江苏,美赞臣官方旗舰店
雀巢N3亲体奶脱脂牛奶粉350g0蔗糖添加益生菌益生元独立小包装,¥,49.00,1000,上海,雀巢官方旗舰店
蒙牛铂金装高钙高铁成年人奶粉800g大学生成人营养冲饮食品牛奶,¥,60.00,100,浙江,天天特卖工厂店
新疆石河子花园全脂老奶粉400g乳蛋白生成人袋装包无添加,¥,25.00,6000,新疆,新疆食品卖场
俄罗斯原装进口大蓝牛全脂无蔗糖高钙牛奶粉学生成人中老年人850g,¥,29.80,1000,浙江,这款很火
伊利官方旗舰店 中老年低脂高钙奶粉850g/罐送礼 富含膳食纤维,¥,58.94,4000,湖北,伊利旗舰店
蒙牛金装高钙高锌学生奶粉400g袋装青少年男女营养早餐冲饮牛奶粉,¥,59.90,1,北京,蒙牛奶粉旗舰店
原装进口脱脂牛奶粉新西兰高钙无糖低脂肪成人中老年官方旗舰店0,¥,62.00,3000,重庆,BTNature海外旗舰店
哈纳斯乳业脱脂奶粉成年女士学生青少年高钙高蛋白健身早餐牛奶粉,¥,56.00,2000,安徽,哈纳斯乳业旗舰店
新西兰原装进口全脂奶粉1kg袋装高钙成人中老年正品官方旗舰店,¥,62.00,800,重庆,澳洲倍护海外旗舰店
纽瑞优全脂奶粉分装小袋便携小条单独小包装初高中生成人澳洲进口,¥,158.00,1000,上海,琬苒奶粉直销店
【全球购官方店】澳洲Maxigenes美可卓全脂高钙奶粉1kg,¥,105.40,1,浙江,全球购官方店
蒙牛纯牛奶粉生牛乳700g*3罐全脂乳粉全家高钙营养早餐冲饮牛奶粉,¥,96.00,400,江苏,COFFEE部落
【旗舰店】伊利全脂甜奶粉大学生儿童青少年成年奶粉400g官网正品,¥,24.94,8000,安徽,伊利奶粉旗舰店
伊利欣活中老年多维高钙奶粉400g袋装益生菌含钙营养早餐冲饮奶粉,¥,29.90,200,浙江,天天特卖工厂店
伊利成人男士女士全家高铁高钙牛奶粉900g*2罐装成年冲饮早餐奶粉,¥,171.80,2,上海,天猫超市
【进口】澳洲美可卓蓝胖子儿童奶粉中老年高钙乳粉1kgx1罐,¥,113.00,4000,上海,天猫超市
【自营】澳洲进口德运低脂高钙奶粉中老年高蛋白脱脂奶1kg*2袋装,¥,600.00,400,浙江,天猫国际自营全球超级店
伊利成人女士大学生高铁高钙牛奶粉400g*3袋营养早餐冲饮奶粉,¥,119.70,1,上海,天猫超市
蒙牛全脂高钙奶粉400g袋装学生青少年成人中老年女士全家营养早餐,¥,31.90,3000,北京,蒙牛奶粉旗舰店
林依轮同款 伊利官方旗舰店全脂甜奶粉400g/袋富含钙早餐冲饮搭配,¥,24.86,7000,湖北,伊利旗舰店
飞鹤牧场经典1962中老年奶粉成人老人高钙营养品送礼正品900g*2罐,¥,128.03,8000,江苏,飞鹤成人奶粉旗舰店
认养一头牛全脂脱脂牛奶粉中老年高钙2罐礼盒装800g,¥,159.00,3000,浙江,认养一头牛旗舰店
正品新西兰原装进口纯牛奶粉成人中老年全脂脱脂贝特恩官方旗舰店,¥,62.00,4000,重庆,BTNature海外旗舰店
【自营】澳洲进口BTN蓝胖子奶粉老人成人高钙补钙女全脂牛奶粉1kg,¥,94.00,900,浙江,天猫国际自营全球超级店
礼盒装正品蓝胖子奶粉成人女士中老年脱脂送礼牛奶礼品官方旗舰店,¥,189.90,1000,重庆,hbuy海外旗舰店
中老年奶粉提高增强成人免疫抵抗力高钙无糖蓝胖子护手霜精华液,¥,129.00,45,澳大利亚,moroka海外旗舰店
澳洲进口德运全/脱脂青少年成人牛奶粉1kg中老年澳大利亚高钙脂肪,¥,64.00,5000,浙江,天猫国际省心社
澳洲美可卓蓝胖子奶粉全脂脱脂牛奶粉成人中老年学生儿童营养高钙,¥,63.00,200,广东,蓝胖子成人奶粉
伊利全脂甜高钙高蛋白奶粉成人女士学生全家营养早餐牛奶粉袋装,¥,24.90,400,浙江,天天特卖工厂店
伊利高蛋白脱脂高钙奶粉成人中老年学生女士减脂营养早餐低脂牛奶,¥,39.41,900,浙江,天天特卖工厂店
【渠道推荐】伊利旗舰店中老年高钙低脂奶粉850g*2罐营养奶粉礼盒,¥,111.87,4000,湖北,伊利旗舰店
【自营】荷兰进口雀巢nido全脂速溶高钙高蛋白成人奶粉900g*2/袋,¥,197.00,2000,浙江,天猫国际自营全球超级店
进口蓝胖子牛奶粉中老年人高钙营养补品脱脂正品官方旗舰店礼盒装,¥,190.00,4000,重庆,BTNature海外旗舰店
新西兰原装进口安佳全脂奶粉成人学生中老年牛奶奶粉高钙早餐冲饮,¥,63.90,400,安徽,猫诚旗舰店
正品新西兰进口牛奶粉成人中老年脱脂袋装烘焙贝特恩官方旗舰店,¥,62.00,1000,重庆,backtonature海外专营店
伊利旗舰店学生高钙营养奶粉700g/盒青少年便携早餐营养奶粉,¥,69.00,3000,湖北,伊利旗舰店
【自营】a2紫吨吨节日礼盒送礼送长辈套装全脂成人营养进口奶粉,¥,248.00,400,浙江,天猫国际自营全球超级店
【自营】贝特恩BTN澳洲进口蓝胖子脱脂奶粉无蔗糖0成人中老年高钙,¥,93.00,3000,浙江,天猫国际自营全球超级店
认养一头牛中老年奶粉成人高钙膳食纤维高蛋白学生奶粉便携装350g,¥,39.00,9000,浙江,认养一头牛旗舰店
【全球购严选】澳洲美可卓Maxigenes蓝胖子全脂奶粉1kg,¥,103.20,1000,云南,全球购官方严选店
伊利成人男士女士全家高铁高钙牛奶粉900g*1罐成年冲饮早餐奶粉,¥,85.90,6,上海,天猫超市
伊利高蛋白高钙脱脂奶粉450g小条装成人女士减脂营养早餐低脂牛奶,¥,39.90,1000,上海,天猫超市
蒙牛营养奶粉低脂高钙高纤中老年奶粉800g*2罐礼盒装早餐0蔗糖,¥,169.00,4,上海,天猫超市
光明全脂纯牛奶粉成人学生中老年高钙奶粉400g2袋早餐冲饮烘焙,¥,127.60,9000,上海,天猫超市
天猫U先美赞臣蓝臻3段乳铁蛋白婴幼儿牛奶粉400g1小罐装包邮,¥,149.00,3000,江苏,美赞臣官方旗舰店
雀巢N3亲体奶脱脂牛奶粉350g0蔗糖添加益生菌益生元独立小包装,¥,49.00,1000,上海,雀巢官方旗舰店
【新疆专场】哈纳斯乳业新疆纯牛奶粉300g*2袋,¥,78.00,3000,安徽,哈纳斯乳业旗舰店
蒙牛新西兰原装全进口纯奶粉高钙中老年成人牛奶粉正品官方旗舰店,¥,198.00,37,重庆,品牌奶粉经营店
白俄罗斯进口奶源独立包装脱脂乳粉高钙低糖900g袋装45条冲饮早餐,¥,54.90,1,黑龙江,绥芬河市旭搏俄货商行
蒙牛奶粉铂金多维高钙中老年奶粉800g/罐营养早餐0蔗糖男女,¥,87.70,1,上海,天猫超市
蒙牛中老年人低脂高钙高纤奶粉800g/罐营养吸收0蔗糖早餐奶冲饮,¥,92.00,2,上海,天猫超市
伊利欣活中老年成人高钙牛奶粉800g*2罐成年营养早餐冲饮奶粉,¥,176.00,5,上海,天猫超市
蒙牛全脂甜奶粉400g袋装青少年学生成人男女早餐牛奶粉高钙脱脂,¥,19.80,500,浙江,天天特卖工厂店
伊利中老年高钙低脂奶粉欣活官方旗舰店老年人老人多维营养牛奶粉,¥,69.92,4000,广东,柏洋旗舰店
伊利旗舰店欣活中老年高钙高蛋白奶粉800g*2营养成人奶粉官方正品,¥,139.95,3000,安徽,伊利奶粉旗舰店
伊利高铁高钙牛奶粉全家营养成人中青年男女士冲饮早餐奶粉900g罐,¥,59.98,2000,安徽,伊利奶粉旗舰店
蒙牛铂金装高钙高铁成年人奶粉800g大学生成人男女士营养冲饮早餐,¥,69.90,5000,北京,蒙牛奶粉旗舰店
俄罗斯高钙奶粉进口奶源罐装蓝牛成人零蔗糖全脂中老年官方旗舰店,¥,72.90,2000,河南,进口奶源正品大超市
西域日记新疆分装袋全脂奶粉成人男士女士单独独立小包装小袋便携,¥,39.90,4000,陕西,西域日记旗舰店
【关凌推荐】雀巢爱思培高锌高钙学生营养奶粉350g袋装,¥,29.72,5000,上海,雀巢官方旗舰店
俄罗斯原装进口奶粉高钙全脂牛奶粉成人中老年人无蔗糖官方旗舰店,¥,25.80,2000,湖北,俄罗斯商品国家馆
【旗舰店】雀巢怡运高钙减脂营养成人女士学生牛奶粉400g袋装,¥,37.04,9000,上海,雀巢官方旗舰店
蒙牛一米八八学生儿童奶粉300g纯牛奶粉700g原生DHA400g营养奶粉,¥,288.00,17,北京,蒙牛奶粉旗舰店
蒙牛生牛乳纯牛奶粉700g全脂高钙成人学生全家营养牛奶粉,¥,59.90,8000,北京,蒙牛乳业专卖店
蒙牛新西兰原装全进口高钙纯奶粉中老年成人牛奶粉正品官方旗舰店,¥,198.00,300,重庆,中老年奶粉品牌经营店
伊利旗舰店中老年人奶粉高钙益生菌成人营养奶粉全家女士学生送礼,¥,59.00,6000,湖北,伊利旗舰店
伊利旗舰店新西兰Westgold速溶全脂奶粉1kg/罐,¥,138.83,70,湖北,伊利旗舰店
澳洲BTN蓝胖子脱脂奶粉减肥专用女士中老年高钙大学生成人牛奶,¥,93.00,100,浙江,阿里健康大药房海外店
中老年人奶粉提高成人免疫力蓝胖子高钙无糖牛奶正品官方旗舰店,¥,129.00,700,重庆,GlobalEshop海外旗舰店
贝爱嘉澳洲原装进口成人中老年德学生运全脂奶粉正品官方旗舰店,¥,60.00,1000,重庆,hbuy海外旗舰店
【旗舰店】 雀巢限定牧场全脂高钙高蛋白中老年学生全家营养奶粉,¥,108.98,5000,上海,雀巢官方旗舰店
雀巢怡养益护因子中老年奶粉850g罐装进口益生菌高钙无蔗糖送礼,¥,109.90,8000,上海,天猫超市
认养一头牛全脂高钙营养3岁以上中老年成人全家奶粉礼盒800g*2罐,¥,188.00,5000,上海,天猫超市
蒙牛学生奶粉400g高钙高锌青少年男女冲饮牛奶粉袋装食品营养成长,¥,31.10,300,浙江,天天特卖工厂店
【自营】荷兰雀巢/nido全脂高钙高蛋白成人奶粉900g/袋进口袋装,¥,99.00,2000,浙江,天猫国际自营全球超级店
蒙牛高钙奶粉400g*2袋男女青少年全脂甜牛奶粉学生冲饮营养配料表,¥,22.80,1000,浙江,天天特卖工厂店
新疆有机纯牛奶粉孕妇儿童成长奶粉成人中老年全脂高钙正品官方,¥,84.00,69,浙江,天天特卖工厂店
【自营】澳洲a2紫吨吨成人脱脂奶粉高钙A2蛋白质,¥,125.50,200,浙江,天猫国际自营全球超级店
雀巢怡运全脂高钙成人奶粉女士成人全家营养早餐牛奶粉375g袋装,¥,34.87,5000,上海,雀巢官方旗舰店
Maxigenes美可卓蓝胖子牛奶粉1kg大人青少年老年学生全脂高钙澳洲,¥,104.80,1000,澳大利亚,ChemistWarehouse海外旗舰店
伊利全脂高钙奶粉青少年大学生成人营养奶粉700g*2罐,¥,99.17,600,安徽,伊利奶粉旗舰店
伊利旗舰店轻慕红参焕活奶粉女士牛奶粉400g高铁高钙高蛋白送礼,¥,129.00,1000,湖北,伊利旗舰店
德运Devondale全脂奶粉400g营养调制乳粉成人青少年官方旗舰店,¥,35.00,1,安徽,德运食品旗舰店
【百亿补贴】认养一头牛全脂成人学生牛奶粉高钙膳食纤维800g/罐,¥,99.00,28,浙江,认养一头牛旗舰店
蒙牛旗舰店铂金装中老年人高钙奶粉400g*2袋冲饮营养食品送礼长辈,¥,67.80,8000,北京,蒙牛奶粉旗舰店
光明高钙多维牛奶粉中老年奶粉老人营养品高蛋白成人奶粉爸妈送礼,¥,72.00,3000,上海,光明奶粉旗舰店
认养一头牛高钙高蛋白富硒益生菌中老年配方奶粉750g*1罐,¥,89.00,200,浙江,认养一头牛旗舰店
蒙牛高钙高锌学生奶粉400g*2袋学生青少年营养牛奶粉早餐冲饮,¥,63.80,4000,湖北,蒙牛奶粉旗舰店
蓝胖子牛奶粉脱脂无蔗糖高钙全脂中老年成人BTN贝特恩官网旗舰店,¥,96.90,5000,重庆,backtonature海外专营店
中老年人牛奶粉蓝胖子免疫无糖低脂高钙力老人营养正品官方旗舰店,¥,97.00,3000,重庆,BTNature海外旗舰店
蒙牛乐享装中老年多维高钙奶粉800g罐装老人营养早餐奶冲饮牛奶粉,¥,87.80,2000,江苏,COFFEE部落
